customer_id,name,city
1,Youssef Saleh,Riyadh
2,Salman Ibrahim,Dammam
3,Mariam Al-Dosari,Makkah
4,Omar Al-Shammari,Riyadh
5,Noura Hassan,Riyadh
6,Ali Al-Zahrani,Dammam
7,Rania Al-Zahrani,Makkah
8,Omar Ali,Makkah
9,Mariam Al-Qahtani,Riyadh
10,Youssef Al-Harbi,Jeddah
11,Lina Hassan,Riyadh
12,Youssef Hassan,Riyadh
13,Faisal Al-Shammari,Riyadh
14,Khalid Ibrahim,Riyadh
15,Abdullah Ibrahim,Dammam
16,Reem Al-Shammari,Makkah
17,Rania Ali,Dammam
18,Noura Al-Zahrani,Dammam
19,Khalid Hassan,Dammam
20,Khalid Ibrahim,Riyadh
21,Abdullah Al-Qahtani,Jeddah
22,Sara Al-Zahrani,Makkah
23,Youssef Ibrahim,Jeddah
24,Faisal Ali,Dammam
25,Sara Ibrahim,Dammam
26,Dania Al-Maliki,Jeddah
27,Noura Hassan,Jeddah
28,Ahmed Ibrahim,Jeddah
29,Reem Al-Harbi,Dammam
30,Sara Al-Dosari,Dammam
31,Lina Ali,Makkah
32,Abdullah Al-Zahrani,Makkah
33,Omar Al-Shammari,Dammam
34,Khalid Al-Harbi,Jeddah
35,Noura Al-Dosari,Jeddah
36,Mohammed Al-Zahrani,Makkah
37,Mariam Ali,Dammam
38,Lina Saleh,Makkah
39,Salman Saleh,Makkah
40,Dania Al-Harbi,Riyadh
41,Mohammed Hassan,Riyadh
42,Faisal Al-Zahrani,Riyadh
43,Ali Al-Harbi,Jeddah
44,Noura Al-Dosari,Dammam
45,Mohammed Al-Dosari,Dammam
46,Ali Ali,Dammam
47,Mohammed Ibrahim,Dammam
48,Salman Al-Maliki,Riyadh
49,Hassan Al-Maliki,Jeddah
50,Sara Al-Zahrani,Jeddah
51,Ali Al-Maliki,Riyadh
52,Salman Hassan,Jeddah
53,Sara Al-Zahrani,Riyadh
54,Lina Ibrahim,Dammam
55,Salman Al-Maliki,Riyadh
56,Mohammed Al-Dosari,Dammam
57,Abdullah Al-Harbi,Dammam
58,Faisal Al-Maliki,Makkah
59,Omar Ali,Riyadh
60,Noura Al-Harbi,Makkah
61,Abdullah Hassan,Riyadh
62,Omar Ali,Riyadh
63,Reem Al-Dosari,Makkah
64,Mariam Al-Zahrani,Makkah
65,Rania Ibrahim,Riyadh
66,Huda Ibrahim,Jeddah
67,Ali Al-Harbi,Dammam
68,Lina Al-Qahtani,Makkah
69,Hassan Ibrahim,Dammam
70,Salman Al-Qahtani,Jeddah
71,Hassan Saleh,Jeddah
72,Huda Ali,Jeddah
73,Hassan Al-Zahrani,Makkah
74,Abdullah Al-Harbi,Jeddah
75,Faisal Al-Zahrani,Makkah
76,Ahmed Al-Zahrani,Jeddah
77,Hassan Al-Shammari,Dammam
78,Salman Ali,Dammam
79,Sara Al-Harbi,Riyadh
80,Ahmed Al-Shammari,Dammam
81,Mariam Al-Dosari,Riyadh
82,Salman Al-Shammari,Dammam
83,Faisal Al-Shammari,Makkah
84,Mohammed Hassan,Dammam
85,Huda Saleh,Riyadh
86,Noura Ibrahim,Riyadh
87,Sara Saleh,Jeddah
88,Khalid Al-Qahtani,Makkah
89,Omar Al-Qahtani,Dammam
90,Lina Al-Maliki,Jeddah
91,Reem Al-Qahtani,Dammam
92,Huda Al-Maliki,Dammam
93,Mariam Al-Harbi,Jeddah
94,Faisal Al-Shammari,Jeddah
95,Sara Al-Maliki,Jeddah
96,Hassan Al-Zahrani,Jeddah
97,Ali Al-Shammari,Jeddah
98,Ali Al-Dosari,Dammam
99,Sara Al-Harbi,Jeddah
100,Salman Al-Qahtani,Makkah
101,Reem Al-Shammari,Riyadh
102,Faisal Al-Harbi,Jeddah
103,Faisal Hassan,Jeddah
104,Mohammed Ali,Dammam
105,Youssef Hassan,Jeddah
106,Dania Ali,Jeddah
107,Youssef Ibrahim,Jeddah
108,Lina Al-Maliki,Dammam
109,Noura Al-Harbi,Jeddah
110,Khalid Al-Zahrani,Riyadh
111,Khalid Al-Shammari,Dammam
112,Khalid Al-Dosari,Riyadh
113,Huda Ibrahim,Dammam
114,Ali Saleh,Jeddah
115,Hassan Al-Maliki,Riyadh
116,Rania Al-Dosari,Dammam
117,Dania Saleh,Makkah
118,Lina Al-Zahrani,Jeddah
119,Rania Ali,Dammam
120,Dania Al-Zahrani,Makkah
121,Reem Al-Dosari,Dammam
122,Mariam Al-Dosari,Makkah
123,Hassan Al-Shammari,Jeddah
124,Salman Al-Harbi,Riyadh
125,Huda Al-Shammari,Makkah
126,Sara Al-Shammari,Dammam
127,Salman Al-Maliki,Jeddah
128,Noura Hassan,Makkah
129,Faisal Al-Harbi,Dammam
130,Khalid Ibrahim,Dammam
131,Reem Al-Dosari,Dammam
132,Noura Ali,Makkah
133,Mohammed Al-Dosari,Makkah
134,Huda Hassan,Makkah
135,Huda Ibrahim,Riyadh
136,Omar Al-Zahrani,Makkah
137,Faisal Al-Dosari,Makkah
138,Rania Saleh,Makkah
139,Ahmed Al-Harbi,Riyadh
140,Khalid Al-Qahtani,Makkah
141,Noura Al-Maliki,Dammam
142,Noura Al-Shammari,Makkah
143,Reem Saleh,Dammam
144,Faisal Al-Harbi,Dammam
145,Khalid Al-Shammari,Dammam
146,Mohammed Saleh,Riyadh
147,Lina Al-Shammari,Riyadh
148,Hassan Al-Qahtani,Riyadh
149,Mohammed Al-Maliki,Makkah
150,Salman Al-Qahtani,Dammam
151,Faisal Al-Zahrani,Riyadh
152,Faisal Al-Harbi,Riyadh
153,Rania Al-Qahtani,Makkah
154,Ahmed Al-Qahtani,Riyadh
155,Mariam Al-Maliki,Makkah
156,Khalid Hassan,Jeddah
157,Ahmed Al-Zahrani,Riyadh
158,Faisal Ibrahim,Jeddah
159,Reem Al-Maliki,Makkah
160,Youssef Ibrahim,Dammam
161,Youssef Saleh,Riyadh
162,Abdullah Hassan,Makkah
163,Youssef Ibrahim,Dammam
164,Noura Al-Shammari,Dammam
165,Reem Al-Dosari,Jeddah
166,Hassan Al-Qahtani,Makkah
167,Abdullah Ali,Dammam
168,Youssef Ibrahim,Riyadh
169,Abdullah Al-Qahtani,Riyadh
170,Mohammed Saleh,Jeddah
171,Dania Al-Shammari,Dammam
172,Lina Ali,Makkah
173,Abdullah Al-Maliki,Riyadh
174,Rania Al-Zahrani,Dammam
175,Abdullah Al-Maliki,Dammam
176,Mohammed Saleh,Jeddah
177,Youssef Saleh,Riyadh
178,Dania Al-Zahrani,Riyadh
179,Abdullah Al-Zahrani,Makkah
180,Lina Al-Harbi,Riyadh
181,Sara Al-Maliki,Makkah
182,Youssef Al-Dosari,Riyadh
183,Youssef Al-Qahtani,Jeddah
184,Mariam Al-Dosari,Riyadh
185,Hassan Hassan,Makkah
186,Abdullah Hassan,Makkah
187,Abdullah Al-Maliki,Jeddah
188,Youssef Ali,Riyadh
189,Huda Al-Qahtani,Riyadh
190,Youssef Al-Harbi,Jeddah
191,Faisal Al-Zahrani,Riyadh
192,Mohammed Al-Shammari,Riyadh
193,Mohammed Al-Maliki,Makkah
194,Ahmed Ibrahim,Riyadh
195,Huda Hassan,Riyadh
196,Hassan Al-Harbi,Jeddah
197,Salman Al-Dosari,Jeddah
198,Reem Al-Dosari,Dammam
199,Rania Al-Zahrani,Makkah
200,Salman Al-Maliki,Riyadh
